country,nuts_2,nuts_3,nuts_3_abbr,latitude,longitude
IT,Abruzzo,L'Aquila,AQ,42.35122196,13.39843823
IT,Abruzzo,Chieti,CH,42.35103167,14.16754574
IT,Abruzzo,Pescara,PE,42.46458398,14.21364822
IT,Abruzzo,Teramo,TE,42.6589177,13.70439971
IT,Basilicata,Matera,MT,40.66751177,16.59792442
IT,Basilicata,Potenza,PZ,40.63947052,15.80514834
IT,Calabria,Cosenza,CS,39.29308681,16.25609692
IT,Calabria,Catanzaro,CZ,38.90597598,16.59440194
IT,Calabria,Crotone,KR,39.08036878,17.12538864
IT,Calabria,Reggio di Calabria,RC,38.10922769,15.6434527
IT,Calabria,Vibo Valentia,VV,38.67624147,16.10157414
IT,Campania,Avellino,AV,40.91404699,14.79528803
IT,Campania,Benevento,BN,41.12969987,14.78151683
IT,Campania,Caserta,CE,41.07465878,14.33240464
IT,Campania,Napoli,NA,40.83956555,14.25084984
IT,Campania,Salerno,SA,40.67821961,14.7594026
IT,Emilia Romagna,Bologna,BO,44.49436681,11.3417208
IT,Emilia Romagna,Forl√¨-Cesena,FC,44.22268559,12.04068608
IT,Emilia Romagna,Ferrara,FE,44.83599085,11.61868934
IT,Emilia Romagna,Modena,MO,44.64600009,10.92615487
IT,Emilia Romagna,Piacenza,PC,45.05193462,9.692632596
IT,Emilia Romagna,Parma,PR,44.80107394,10.32834985
IT,Emilia Romagna,Ravenna,RA,44.41722493,12.19913936
IT,Emilia Romagna,Reggio nell'Emilia,RE,44.69735289,10.63007973
IT,Emilia Romagna,Rimini,RN,44.06090087,12.5656295
IT,Friuli Venezia Giulia,Gorizia,GO,45.94149817,13.62212502
IT,Friuli Venezia Giulia,Pordenone,PN,45.95443546,12.66002909
IT,Friuli Venezia Giulia,Trieste,TS,45.6494354,13.76813649
IT,Friuli Venezia Giulia,Udine,UD,46.06255516,13.2348383
IT,Lazio,Frosinone,FR,41.63964569,13.35117161
IT,Lazio,Latina,LT,41.46759465,12.90368482
IT,Lazio,Rieti,RI,42.404884440000004,12.86205939
IT,Lazio,Roma,RM,41.89277044,12.48366722
IT,Lazio,Viterbo,VT,42.4173828,12.10473416
IT,Liguria,Genova,GE,44.41149314,8.9326992
IT,Liguria,Imperia,IM,43.88570648,8.027850298
IT,Liguria,La Spezia,SP,44.10704991,9.8281897
IT,Liguria,Savona,SV,44.30750461,8.481108654
IT,Lombardia,Bergamo,BG,45.69441368,9.668424528
IT,Lombardia,Brescia,BS,45.53993052,10.21910323
IT,Lombardia,Como,CO,45.8099912,9.085159546
IT,Lombardia,Cremona,CR,45.13336675,10.02420865
IT,Lombardia,Lecco,LC,45.85575781,9.393392246
IT,Lombardia,Lodi,LO,45.31440693,9.503720769000001
IT,Lombardia,Monza e della Brianza,MB,45.58439043,9.273582472
IT,Lombardia,Milano,MI,45.46679409,9.190347404
IT,Lombardia,Mantova,MN,45.15726772,10.79277363
IT,Lombardia,Pavia,PV,45.18509264,9.160157191
IT,Lombardia,Sondrio,SO,46.17099261,9.87147489
IT,Lombardia,Varese,VA,45.81701677,8.822868344
IT,Marche,Ancona,AN,43.61675973,13.5188753
IT,Marche,Ascoli Piceno,AP,42.85322304,13.57691127
IT,Marche,Fermo,FM,43.16058534,13.71839535
IT,Marche,Macerata,MC,43.30023926,13.45307182
IT,Marche,Pesaro e Urbino,PU,43.91014021,12.91345989
IT,Molise,Campobasso,CB,41.55774754,14.65916051
IT,Molise,Isernia,IS,41.58800826,14.22575407
IT,P.A. Bolzano,Bolzano,BZ,46.49933453,11.35662422
IT,P.A. Trento,Trento,TN,46.06893511,11.12123097
IT,Piemonte,Alessandria,AL,44.91297351,8.615401155
IT,Piemonte,Asti,AT,44.89912921,8.204142547
IT,Piemonte,Biella,BI,45.5665112,8.054082167
IT,Piemonte,Cuneo,CN,44.39329625,7.551171632
IT,Piemonte,Novara,NO,45.44588506,8.621915884
IT,Piemonte,Torino,TO,45.0732745,7.680687483
IT,Piemonte,Verbano-Cusio-Ossola,VB,45.9214455,8.551078753
IT,Piemonte,Vercelli,VC,45.32398135,8.423234312
IT,Puglia,Bari,BA,41.12559576,16.86736689
IT,Puglia,Brindisi,BR,40.63848545,17.94601575
IT,Puglia,Barletta-Andria-Trani,BT,41.22705039,16.29520432
IT,Puglia,Foggia,FG,41.46226865,15.54305094
IT,Puglia,Lecce,LE,40.35354285,18.1718973
IT,Puglia,Taranto,TA,40.47354739,17.23237181
IT,Sardegna,Cagliari,CA,39.21531192,9.110616306
IT,Sardegna,Nuoro,NU,40.32318834,9.330296393
IT,Sardegna,Oristano,OR,39.90381075,8.591183151
IT,Sardegna,Sassari,SS,40.72667657,8.559667131
IT,Sardegna,Sud Sardegna,SU,39.16641462,8.526242676
IT,Sicilia,Agrigento,AG,37.30971088,13.5845749
IT,Sicilia,Caltanissetta,CL,37.49213171,14.06184973
IT,Sicilia,Catania,CT,37.50287803,15.08704691
IT,Sicilia,Enna,EN,37.56705701,14.27909375
IT,Sicilia,Messina,ME,38.19395845,15.55572302
IT,Sicilia,Palermo,PA,38.11569725,13.3623567
IT,Sicilia,Ragusa,RG,36.92509198,14.73069891
IT,Sicilia,Siracusa,SR,37.05991687,15.29333182
IT,Sicilia,Trapani,TP,38.01850065,12.51365684
IT,Toscana,Arezzo,AR,43.46642752,11.88228844
IT,Toscana,Firenze,FI,43.76923077,11.25588885
IT,Toscana,Grosseto,GR,42.76026758,11.11356398
IT,Toscana,Livorno,LI,43.55234873,10.3086781
IT,Toscana,Lucca,LU,43.84432283,10.50151366
IT,Toscana,Massa Carrara,MS,44.03674425,10.14173829
IT,Toscana,Pisa,PI,43.71553206,10.40127259
IT,Toscana,Prato,PO,43.88062274,11.09703315
IT,Toscana,Pistoia,PT,43.933465,10.91734146
IT,Toscana,Siena,SI,43.31816374,11.33190988
IT,Umbria,Perugia,PG,43.10675841,12.38824698
IT,Umbria,Terni,TR,42.56071258,12.6466875
IT,Valle d'Aosta,Aosta,AO,45.73750286,7.320149366
IT,Veneto,Belluno,BL,46.13837528,12.21704167
IT,Veneto,Padova,PD,45.40692987,11.87608718
IT,Veneto,Rovigo,RO,45.07107289,11.79007
IT,Veneto,Treviso,TV,45.66754571,12.24507363
IT,Veneto,Venezia,VE,45.43490485,12.33845213
IT,Veneto,Vicenza,VI,45.547497,11.54597109
IT,Veneto,Verona,VR,45.43839046,10.99352685
